test_1571477005.2769415@gmail.com,password
test_1571477024.972098@gmail.com,password
test_1571477268.2464027@gmail.com,password
test_1571477335.0731218@gmail.com,password
test_1571477402.509853@gmail.com,password
test_1571477498.6577015@gmail.com,password
