test_1571477005.2769415@gmail.com,password
test_1571477024.972098@gmail.com,password
test_1571477268.2464027@gmail.com,password
test_1571477335.0731218@gmail.com,password
test_1571477402.509853@gmail.com,password
test_1571477498.6577015@gmail.com,password
test_1571540504.6464105@gmail.com,password
test_1571749477.1913326@gmail.com,password
test_1571792684.1392746@gmail.com,password
test_1571835892.064806@gmail.com,password
test_1572010153.5924883@gmail.com,password
test_1572053359.9750507@gmail.com,password
test_1572376240.687353@gmail.com,password
